,ICD9_CODE
0,40301
1,486
2,58281
3,5855
4,4254
5,2762
6,7100
7,2767
8,7243
9,45829
10,2875
11,28521
12,28529
13,27541
14,5856
15,58381
16,5589
17,32723
18,22804
19,33829
20,78900
21,79092
22,V4511
23,53100
24,41071
25,2859
26,41401
27,725
28,1915
29,3314
30,53081
31,4111
32,48283
33,2720
34,3051
35,1940
36,1977
37,2553
38,4240
39,5845
40,99859
41,6822
42,5119
43,5990
44,4280
45,34982
46,4019
47,V1000
48,V453
49,V5865
50,0413
51,2518
52,E9320
53,V3001
54,V053
55,V290
56,5715
57,7895
58,07054
59,2851
60,2765
61,25000
62,570
63,07044
64,5712
65,5849
66,5724
67,5118
68,2867
69,51882
70,0389
71,2800
72,2639
73,2761
74,99592
75,30393
76,5723
77,2449
78,1122
79,V3000
80,88122
81,9032
82,9033
83,9551
84,9555
85,9552
86,E956
87,30590
88,7452
89,7622
90,41011
91,4412
92,496
93,07070
94,4478
95,41402
96,44021
97,5854
98,9971
99,4400
100,40390
101,2749
102,42731
103,V1046
104,V1011
105,V1209
106,V090
107,56983
108,56089
109,49121
110,99831
111,42833
112,41400
113,V4581
114,43331
115,99812
116,436
117,43320
118,49390
119,99671
120,4241
121,4168
122,V3101
123,76503
124,769
125,7793
126,7742
127,7707
128,76524
129,77081
130,77981
131,7470
132,7766
133,7726
134,77989
135,36221
136,19889
137,1972
138,V103
139,74689
140,7661
141,V293
142,85300
143,78039
144,E8889
145,5185
146,73028
147,25060
148,3572
149,77214
150,76518
151,76528
152,430
153,2939
154,4439
155,V1582
156,3963
157,3659
158,135
159,311
160,E9352
161,72141
162,2148
163,72401
164,4375
165,42732
166,24290
167,60000
168,V4582
169,1890
170,03811
171,99591
172,30400
173,1120
174,5111
175,71107
176,71104
177,80012
178,30500
179,30560
180,E8147
181,8730
182,7812
183,37854
184,9518
185,76519
186,77089
187,7678
188,431
189,2948
190,9982
191,2768
192,042
193,5859
194,2848
195,42820
196,V141
197,V071
198,76517
199,76407
200,7756
201,7764
202,7454
203,9695
204,29590
205,E9503
206,2662
207,7466
208,76719
209,41001
210,V1042
211,7660
212,9973
213,5180
214,99709
215,3558
216,5533
217,41061
218,2721
219,2740
220,96500
221,30401
222,9694
223,E8502
224,E8532
225,4271
226,42689
227,80416
228,87342
229,E916
230,20210
231,V502
232,43310
233,39891
234,40391
235,70715
236,4148
237,1919
238,3484
239,78701
240,56400
241,V4281
242,23875
243,3004
244,2724
245,60001
246,78843
247,3320
248,V1079
249,V433
250,5853
251,20280
252,V4282
253,99811
254,30000
255,E8798
256,74561
257,76515
258,7775
259,77211
260,86113
261,4239
262,E966
263,76516
264,76527
265,22801
266,20008
267,5559
268,51881
269,4470
270,2866
271,76502
272,77181
273,76523
274,2707
275,33520
276,51884
277,42789
278,7234
279,4589
280,07999
281,78841
282,4260
283,85181
284,8072
285,V461
286,86402
287,86509
288,4538
289,4821
290,8604
291,4401
292,4373
293,4139
294,7820
295,V1083
296,6000
297,99602
298,4411
299,5070
300,48240
301,5121
302,4275
303,3481
304,78003
305,76526
306,75261
307,75263
308,1983
309,1623
310,78321
311,2559
312,1629
313,76408
314,76529
315,7746
316,7784
317,7806
318,3334
319,78559
320,6826
321,1363
322,7994
323,2763
324,7907
325,04111
326,E9317
327,4440
328,9972
329,2766
330,2753
331,7706
332,76525
333,1913
334,1570
335,57410
336,5680
337,55321
338,E8782
339,V721
340,78551
341,7220
342,71946
343,7455
344,V1259
345,25080
346,29633
347,V5867
348,E9323
349,V5869
350,47829
351,78057
352,4264
353,V170
354,80502
355,5964
356,E8809
357,8220
358,73300
359,44321
360,5781
361,4592
362,43889
363,0388
364,78552
365,70709
366,6823
367,00845
368,5720
369,V0980
370,185
371,E8788
372,9678
373,9693
374,E9502
375,3488
376,29620
377,2252
378,3485
379,V4579
380,3899
381,41041
382,25011
383,99604
384,412
385,5939
386,4263
387,30029
388,V174
389,99674
390,4160
391,4281
392,3453
393,20190
394,515
395,36250
396,E9331
397,4371
398,5191
399,27801
400,4928
401,E8790
402,42822
403,V5861
404,3962
405,71590
406,41511
407,99672
408,V1051
409,99739
410,5968
411,53551
412,60883
413,9974
414,5601
415,6084
416,E8708
417,7708
418,V058
419,1917
420,5130
421,48241
422,70705
423,1124
424,48282
425,78820
426,70703
427,V1005
428,V1047
429,7099
430,42741
431,43820
432,43819
433,8052
434,E8210
435,5960
436,3968
437,V173
438,8249
439,9984
440,87344
441,9110
442,9130
443,E8122
444,5768
445,20300
446,99659
447,2809
448,2811
449,22809
450,56409
451,58089
452,5728
453,2841
454,41021
455,30562
456,V4502
457,1628
458,53140
459,2161
460,0414
461,V4501
462,V3401
463,2880
464,9998
465,5790
466,6930
467,99685
468,5672
469,2554
470,3510
471,0880
472,1125
473,03849
474,7140
475,71945
476,57420
477,E8498
478,7808
479,3079
480,4210
481,34590
482,51889
483,78659
484,78060
485,7821
486,V1251
487,4372
488,4251
489,78702
490,E9426
491,9596
492,E9289
493,V451
494,58881
495,3643
496,78959
497,44389
498,53190
499,V1254
500,79902
501,78909
502,V4589
503,V4512
504,V1581
505,V642
506,78904
507,V4578
508,V0254
509,25200
510,99656
511,9951
512,2874
513,E8781
514,34839
515,2839
516,7842
517,61172
518,78791
519,33819
520,73399
521,62211
522,99662
523,28981
524,04104
525,E8791
526,04112
527,96509
528,4466
529,78097
530,72992
531,7840
532,V4983
533,4010
534,V4569
535,79500
536,E8500
537,E8543
538,E8541
539,V667
540,57149
541,1550
542,25002
543,27800
544,V1301
545,8822
546,85220
547,99889
548,9579
549,E8150
550,49322
551,42841
552,4660
553,7921
554,56985
555,43411
556,34280
557,78451
558,49320
559,1534
560,42821
561,1982
562,99813
563,V4986
564,59971
565,E9342
566,0382
567,481
568,1970
569,9100
570,45620
571,5780
572,5722
573,45341
574,5997
575,8670
576,34831
577,2738
578,5798
579,0701
580,E8796
581,3575
582,3310
583,29410
584,53240
585,53560
586,80604
587,V422
588,80701
589,4414
590,42831
591,70707
592,V5417
593,42781
594,5789
595,41091
596,53010
597,5569
598,3949
599,8600
600,44489
601,27651
602,99881
603,80700
604,92400
605,E9600
606,514
607,76497
608,76383
609,44103
610,2181
611,24200
612,95901
613,E8120
614,3594
615,1916
616,7872
617,34830
618,4560
619,340
620,27652
621,4568
622,0383
623,9992
624,45182
625,99682
626,25541
627,2760
628,45621
629,04109
630,V1007
631,E8780
632,3241
633,99931
634,73008
635,72293
636,04119
637,33399
638,E9390
639,53789
640,73730
641,1552
642,78071
643,4552
644,99731
645,80702
646,4555
647,E8844
648,E8497
649,V427
650,99593
651,7242
652,7464
653,7662
654,03842
655,591
656,0380
657,5921
658,9975
659,25001
660,4582
661,5771
662,5570
663,5750
664,3569
665,3688
666,5528
667,42823
668,7856
669,500
670,7509
671,E8786
672,41031
673,72400
674,2536
675,5761
676,44024
677,29281
678,E9379
679,9999
680,20000
681,2113
682,28803
683,7731
684,5762
685,7245
686,V1009
687,9654
688,E9500
689,E8499
690,29680
691,31401
692,V652
693,85246
694,8054
695,43330
696,4389
697,4471
698,2869
699,44020
700,4321
701,37992
702,4359
703,V1052
704,E9308
705,56882
706,1991
707,V641
708,4940
709,V4573
710,9661
711,75889
712,E8550
713,43491
714,42830
715,7802
716,74101
717,9181
718,7248
719,80507
720,V4365
721,30591
722,2920
723,07032
724,0785
725,30501
726,99601
727,56212
728,73382
729,78650
730,82022
731,5307
732,80120
733,30390
734,5920
735,85221
736,83900
737,E8810
738,5793
739,78079
740,V5843
741,7310
742,85222
743,25082
744,7843
745,E8859
746,7850
747,79001
748,7450
749,81220
750,7291
751,1562
752,56722
753,11289
754,6961
755,42840
756,501
757,99594
758,41072
759,7873
760,27549
761,71230
762,59970
763,V707
764,2967
765,2156
766,75470
767,75329
768,5081
769,99679
770,20301
771,8760
772,07020
773,30561
774,30551
775,2858
776,7202
777,73342
778,V442
779,44101
780,56962
781,5571
782,80111
783,8711
784,9587
785,8024
786,80229
787,8021
788,8026
789,8470
790,9570
791,2387
792,V1082
793,E8799
794,5183
795,3970
796,73710
797,41519
798,1961
799,4238
800,28982
801,34690
802,V1041
803,41081
804,86401
805,8028
806,E9689
807,87349
808,5109
809,2930
810,43811
811,4380
812,40492
813,36019
814,45184
815,58889
816,4430
817,4232
818,36001
819,37900
820,37632
821,37005
822,36400
823,7861
824,7931
825,07989
826,7761
827,7788
828,7906
829,30550
830,2888
831,2752
832,V0262
833,53291
834,99681
835,53550
836,53085
837,40311
838,99673
839,5829
840,5609
841,3559
842,4329
843,78907
844,78906
845,90441
846,92811
847,82121
848,82300
849,E8217
850,95892
851,33811
852,1505
853,9983
854,5733
855,39890
856,86121
857,07051
858,8505
859,8074
860,E9682
861,25040
862,V4975
863,V4972
864,5602
865,E9383
866,V5331
867,V556
868,2511
869,72888
870,85142
871,9584
872,48230
873,8700
874,87343
875,1625
876,1985
877,V8741
878,V153
879,4588
880,56210
881,78830
882,44422
883,44022
884,V6442
885,V600
886,52100
887,3010
888,1642
889,1971
890,4230
891,7863
892,0549
893,82123
894,9980
895,V3100
896,7852
897,76711
898,5770
899,25041
900,74190
901,3441
902,0416
903,7847
904,2732
905,4822
906,28983
907,28731
908,4820
909,28860
910,53782
911,56949
912,46451
913,04186
914,4422
915,4413
916,9961
917,V1507
918,1508
919,28249
920,25073
921,25063
922,25043
923,25053
924,7854
925,34550
926,42832
927,27401
928,56789
929,E8490
930,5778
931,V08
932,5772
933,57400
934,96501
935,30421
936,07030
937,30431
938,9708
939,9696
940,E8851
941,8602
942,80709
943,82380
944,8910
945,8738
946,82032
947,8083
948,8056
949,86612
950,82302
951,82101
952,9020
953,9964
954,05471
955,3240
956,1173
957,4846
958,70701
959,71535
960,1984
961,25013
962,74602
963,76514
964,73390
965,30391
966,71947
967,76072
968,1624
969,9991
970,48289
971,V0489
972,6910
973,59381
974,585
975,5881
976,53260
977,7892
978,5194
979,9663
980,E9504
981,70706
982,73022
983,7299
984,5289
985,5303
986,30303
987,7213
988,7837
989,27542
990,3202
991,34290
992,3694
993,7809
994,04189
995,7230
996,2897
997,71965
998,77189
999,7724
1000,6851
1001,V625
1002,E9398
1003,45821
1004,3238
1005,2769
1006,2535
1007,34489
1008,79400
1009,7935
1010,3181
1011,V441
1012,7615
1013,936
1014,E915
1015,4570
1016,3950
1017,05319
1018,3960
1019,75251
1020,56881
1021,4590
1022,57421
1023,V113
1024,V632
1025,5799
1026,57490
1027,5531
1028,78009
1029,7905
1030,38611
1031,25010
1032,6238
1033,2903
1034,04100
1035,20410
1036,6110
1037,71596
1038,44481
1039,44030
1040,25071
1041,44029
1042,25050
1043,36201
1044,72292
1045,44023
1046,6827
1047,70714
1048,80504
1049,34400
1050,70724
1051,5718
1052,78052
1053,0417
1054,42611
1055,27650
1056,49120
1057,2713
1058,2830
1059,82111
1060,82382
1061,E8190
1062,85202
1063,E8495
1064,81100
1065,81305
1066,8840
1067,E8136
1068,7515
1069,56213
1070,4550
1071,4553
1072,1369
1073,3236
1074,4255
1075,25061
1076,58389
1077,3669
1078,29689
1079,29040
1080,4370
1081,2971
1082,7885
1083,34501
1084,51883
1085,53082
1086,V440
1087,03810
1088,4730
1089,79589
1090,5739
1091,E9102
1092,0088
1093,V420
1094,79029
1095,7580
1096,0579
1097,05379
1098,99762
1099,V4976
1100,3693
1101,5363
1102,25093
1103,36900
1104,25051
1105,85102
1106,1520
1107,1962
1108,30471
1109,9701
1110,73381
1111,V4283
1112,99702
1113,E9421
1114,33182
1115,53020
1116,76075
1117,1561
1118,485
1119,2356
1120,99644
1121,V4364
1122,37272
1123,80621
1124,80605
1125,E882
1126,81341
1127,80625
1128,1270
1129,83961
1130,36840
1131,71941
1132,5711
1133,5100
1134,4920
1135,1121
1136,3941
1137,1973
1138,1603
1139,99669
1140,1700
1141,7473
1142,V8801
1143,5933
1144,59582
1145,9092
1146,V5419
1147,V443
1148,E8792
1149,1179
1150,56981
1151,490
1152,3439
1153,319
1154,57450
1155,2819
1156,20400
1157,28800
1158,35981
1159,35782
1160,99832
1161,56721
1162,56782
1163,3570
1164,28522
1165,1960
1166,1309
1167,6951
1168,70719
1169,45981
1170,6983
1171,78609
1172,2890
1173,55329
1174,E9310
1175,4739
1176,47831
1177,86405
1178,85180
1179,E8230
1180,42682
1181,4267
1182,79099
1183,79439
1184,7705
1185,77082
1186,4781
1187,7716
1188,2520
1189,2469
1190,55221
1191,42490
1192,1573
1193,85405
1194,86803
1195,8082
1196,80705
1197,87200
1198,9828
1199,E9509
1200,56738
1201,56081
1202,76409
1203,1510
1204,80501
1205,4441
1206,5110
1207,41411
1208,4142
1209,V8535
1210,4262
1211,2862
1212,30570
1213,9697
1214,9809
1215,E9804
1216,1978
1217,7070
1218,2910
1219,7750
1220,5178
1221,49392
1222,8501
1223,30540
1224,99686
1225,2689
1226,53012
1227,V1044
1228,E9318
1229,29181
1230,4738
1231,4871
1232,3332
1233,3383
1234,E8668
1235,V1584
1236,7533
1237,40310
1238,75315
1239,75322
1240,34591
1241,7963
1242,53783
1243,5192
1244,53084
1245,2539
1246,V452
1247,76621
1248,0362
1249,0360
1250,73007
1251,36281
1252,04110
1253,1123
1254,3542
1255,4270
1256,2550
1257,64864
1258,7019
1259,75453
1260,7617
1261,V063
1262,V0381
1263,V0382
1264,2270
1265,53089
1266,53019
1267,53510
1268,6146
1269,V5866
1270,4460
1271,53390
1272,73679
1273,51919
1274,41404
1275,78001
1276,94224
1277,E9248
1278,72889
1279,3483
1280,2409
1281,5641
1282,7210
1283,80101
1284,9219
1285,7717
1286,73743
1287,V454
1288,E927
1289,85186
1290,9778
1291,29634
1292,78703
1293,4472
1294,7790
1295,7599
1296,7689
1297,8208
1298,92300
1299,92421
1300,85306
1301,80505
1302,81201
1303,E8160
1304,53340
1305,48249
1306,80708
1307,68100
1308,5163
1309,138
1310,99664
1311,4870
1312,03812
1313,5779
1314,96502
1315,E8501
1316,E8538
1317,3581
1318,25062
1319,9500
1320,9221
1321,4580
1322,9041
1323,42613
1324,4169
1325,28984
1326,34680
1327,7630
1328,20510
1329,5184
1330,5187
1331,E9347
1332,72210
1333,990
1334,5693
1335,0090
1336,6191
1337,5692
1338,3384
1339,78829
1340,1177
1341,4847
1342,35781
1343,2764
1344,4178
1345,27949
1346,7109
1347,2572
1348,73319
1349,V1053
1350,57491
1351,80070
1352,9800
1353,E8600
1354,78839
1355,7755
1356,7702
1357,28801
1358,77581
1359,76493
1360,29532
1361,7804
1362,4242
1363,75526
1364,76492
1365,74783
1366,33394
1367,37852
1368,9916
1369,9228
1370,9238
1371,E9571
1372,30011
1373,34540
1374,5302
1375,2411
1376,56211
1377,82332
1378,E9809
1379,7813
1380,V1085
1381,6824
1382,7608
1383,80126
1384,86819
1385,81000
1386,8020
1387,57471
1388,9698
1389,80607
1390,V155
1391,V1203
1392,920
1393,E8888
1394,5304
1395,V4611
1396,80703
1397,81003
1398,V1272
1399,70721
1400,53641
1401,53642
1402,70722
1403,04185
1404,76522
1405,77084
1406,04184
1407,261
1408,4476
1409,4299
1410,3649
1411,7757
1412,55092
1413,7783
1414,87402
1415,80009
1416,8248
1417,75651
1418,20028
1419,0093
1420,29383
1421,53561
1422,53021
1423,28959
1424,5759
1425,7824
1426,E9305
1427,28850
1428,E888
1429,1976
1430,V6441
1431,2114
1432,44102
1433,4417
1434,80122
1435,3313
1436,E8801
1437,9962
1438,9351
1439,5300
1440,77083
1441,53784
1442,3543
1443,42843
1444,83100
1445,71847
1446,29570
1447,9623
1448,E8580
1449,3003
1450,80325
1451,4841
1452,7990
1453,4809
1454,67454
1455,85200
1456,44100
1457,74710
1458,E9330
1459,V4586
1460,57511
1461,V854
1462,78652
1463,53540
1464,E9359
1465,8080
1466,9581
1467,82320
1468,27730
1469,2773
1470,4599
1471,85206
1472,86500
1473,86804
1474,88002
1475,8794
1476,7318
1477,03840
1478,0543
1479,73027
1480,37741
1481,5290
1482,25070
1483,44381
1484,57451
1485,71598
1486,86602
1487,80849
1488,86503
1489,E8192
1490,8242
1491,0479
1492,0839
1493,81200
1494,83901
1495,83501
1496,82021
1497,E8842
1498,462
1499,76513
1500,7211
1501,7236
1502,3363
1503,E9478
1504,75610
1505,V160
1506,5932
1507,41082
1508,5716
1509,72272
1510,73313
1511,73309
1512,73741
1513,73311
1514,42090
1515,V122
1516,V1271
1517,42612
1518,7904
1519,4423
1520,317
1521,7098
1522,5821
1523,73315
1524,45352
1525,5552
1526,1622
1527,11284
1528,08881
1529,71180
1530,31400
1531,57460
1532,V644
1533,99667
1534,71105
1535,4542
1536,80508
1537,E8830
1538,7960
1539,79431
1540,56723
1541,20411
1542,8404
1543,77183
1544,E8161
1545,72402
1546,4558
1547,V550
1548,56889
1549,7936
1550,9604
1551,9671
1552,586
1553,76402
1554,43883
1555,9331
1556,45342
1557,5738
1558,9986
1559,56729
1560,5758
1561,7830
1562,2730
1563,55090
1564,2144
1565,4532
1566,42091
1567,V1201
1568,1969
1569,59789
1570,1536
1571,3501
1572,E911
1573,78051
1574,57512
1575,5600
1576,76077
1577,7421
1578,V6149
1579,E8849
1580,E9344
1581,2989
1582,1551
1583,71902
1584,1912
1585,34989
1586,V551
1587,45340
1588,V1202
1589,0092
1590,6208
1591,5280
1592,71690
1593,V5332
1594,78602
1595,70720
1596,V1253
1597,V462
1598,E9397
1599,E9378
1600,V180
1601,99661
1602,72973
1603,V1003
1604,81244
1605,81221
1606,E8121
1607,86504
1608,5691
1609,2750
1610,53501
1611,76406
1612,7061
1613,5650
1614,2774
1615,2984
1616,452
1617,5734
1618,75312
1619,82330
1620,8247
1621,82535
1622,04102
1623,4578
1624,5523
1625,3180
1626,75619
1627,85101
1628,30300
1629,8820
1630,E9288
1631,2810
1632,1569
1633,3940
1634,85305
1635,3229
1636,2521
1637,1541
1638,2440
1639,V1087
1640,04089
1641,37851
1642,41042
1643,82009
1644,25012
1645,99676
1646,68110
1647,E9358
1648,1103
1649,605
1650,60782
1651,4377
1652,5994
1653,4358
1654,2149
1655,V1004
1656,4619
1657,7048
1658,5679
1659,7132
1660,94536
1661,9583
1662,0521
1663,2899
1664,94800
1665,E9241
1666,7778
1667,46410
1668,55012
1669,5583
1670,1522
1671,41051
1672,3239
1673,V0251
1674,27482
1675,4533
1676,77210
1677,325
1678,7765
1679,43301
1680,53649
1681,80500
1682,30301
1683,2352
1684,4561
1685,9349
1686,51631
1687,38600
1688,72190
1689,V4571
1690,0391
1691,1538
1692,86501
1693,99665
1694,29624
1695,03843
1696,6180
1697,47825
1698,30441
1699,07022
1700,70711
1701,7078
1702,30520
1703,9755
1704,8064
1705,9754
1706,E8586
1707,9711
1708,99939
1709,83500
1710,51909
1711,9942
1712,41189
1713,55320
1714,25092
1715,37941
1716,5852
1717,66632
1718,66612
1719,64822
1720,4293
1721,V111
1722,59589
1723,8678
1724,90253
1725,8708
1726,6144
1727,73025
1728,34461
1729,97081
1730,9072
1731,E9290
1732,30503
1733,73009
1734,566
1735,73005
1736,73015
1737,71905
1738,74742
1739,E9803
1740,E9800
1741,6039
1742,40501
1743,7866
1744,7231
1745,3489
1746,05479
1747,0490
1748,20288
1749,76494
1750,4784
1751,43321
1752,51901
1753,5678
1754,2373
1755,E8700
1756,2115
1757,2873
1758,03819
1759,80707
1760,2734
1761,V161
1762,99657
1763,51902
1764,47874
1765,4786
1766,80021
1767,V553
1768,7991
1769,8603
1770,8796
1771,9598
1772,8911
1773,7586
1774,7786
1775,43401
1776,262
1777,34889
1778,E9298
1779,78722
1780,E9394
1781,74361
1782,41410
1783,74365
1784,9341
1785,42291
1786,5298
1787,70723
1788,3373
1789,4233
1790,4404
1791,2864
1792,7700
1793,56942
1794,6259
1795,78901
1796,4465
1797,80125
1798,80224
1799,75733
1800,5272
1801,30981
1802,99701
1803,80100
1804,81342
1805,80220
1806,81502
1807,V163
1808,V1279
1809,40291
1810,42979
1811,2900
1812,V1588
1813,80301
1814,8690
1815,87320
1816,8241
1817,85185
1818,E912
1819,44031
1820,73017
1821,6828
1822,35800
1823,83902
1824,2384
1825,57430
1826,1882
1827,59080
1828,73739
1829,V8525
1830,V446
1831,5991
1832,E8528
1833,4011
1834,V1072
1835,5579
1836,8860
1837,E9198
1838,4829
1839,74782
1840,V0261
1841,8671
1842,8240
1843,1578
1844,80121
1845,87341
1846,88101
1847,70710
1848,72291
1849,5168
1850,00869
1851,4290
1852,7135
1853,86511
1854,E8191
1855,2250
1856,30002
1857,1830
1858,8629
1859,86415
1860,86813
1861,8750
1862,E8152
1863,8601
1864,8770
1865,8900
1866,25083
1867,V1255
1868,E9444
1869,27900
1870,79009
1871,40300
1872,41002
1873,25090
1874,V017
1875,20500
1876,29592
1877,57440
1878,85301
1879,E9361
1880,37200
1881,1571
1882,V444
1883,5988
1884,28319
1885,71101
1886,73004
1887,56731
1888,7209
1889,V552
1890,1509
1891,V0259
1892,V1204
1893,7015
1894,48242
1895,29650
1896,V1302
1897,226
1898,85182
1899,44421
1900,E9194
1901,30530
1902,E8187
1903,76498
1904,2355
1905,20002
1906,29285
1907,6179
1908,7530
1909,41092
1910,5120
1911,42983
1912,80221
1913,80226
1914,80227
1915,E9580
1916,1560
1917,5755
1918,36813
1919,75450
1920,V123
1921,85201
1922,80130
1923,76504
1924,7718
1925,74860
1926,9684
1927,29284
1928,E8551
1929,29211
1930,33392
1931,E8542
1932,E9392
1933,V298
1934,47875
1935,33391
1936,4110
1937,E8789
1938,4659
1939,3578
1940,99769
1941,43300
1942,V1006
1943,9726
1944,30490
1945,3898
1946,36274
1947,V1002
1948,9690
1949,87352
1950,7841
1951,30491
1952,E8261
1953,34570
1954,7626
1955,72885
1956,5690
1957,E8493
1958,9053
1959,E969
1960,E8846
1961,4571
1962,E8494
1963,E8162
1964,80704
1965,5368
1966,75739
1967,74405
1968,74402
1969,4378
1970,2189
1971,6202
1972,2700
1973,2116
1974,80116
1975,80110
1976,E8298
1977,7534
1978,43311
1979,V301
1980,42652
1981,71595
1982,75563
1983,9651
1984,29623
1985,38832
1986,V146
1987,V4981
1988,V151
1989,8872
1990,37555
1991,80422
1992,80506
1993,5370
1994,3341
1995,80435
1996,E848
1997,8731
1998,7625
1999,81344
2000,86600
2001,1539
2002,V581
2003,80320
2004,2167
2005,80842
2006,E918
2007,53200
2008,3568
2009,73018
2010,5128
2011,99603
2012,90229
2013,80706
2014,81301
2015,81500
2016,87363
2017,71430
2018,2911
2019,2849
2020,82133
2021,70713
2022,E8768
2023,260
2024,30470
2025,78603
2026,9879
2027,E8902
2028,5379
2029,5839
2030,70712
2031,34580
2032,83401
2033,04149
2034,5225
2035,V5413
2036,7823
2037,25042
2038,9993
2039,3599
2040,6929
2041,V5883
2042,85212
2043,80102
2044,9211
2045,80841
2046,3102
2047,1892
2048,86344
2049,7993
2050,80114
2051,E8348
2052,47830
2053,75567
2054,43882
2055,3574
2056,99771
2057,7197
2058,72972
2059,2861
2060,7484
2061,24201
2062,1968
2063,1921
2064,E9363
2065,4253
2066,E9429
2067,76496
2068,59010
2069,56201
2070,2949
2071,1648
2072,7621
2073,E9443
2074,59654
2075,7701
2076,6820
2077,035
2078,76521
2079,V1749
2080,1713
2081,71906
2082,73734
2083,7384
2084,9051
2085,5193
2086,220
2087,4779
2088,79311
2089,2127
2090,60091
2091,22802
2092,99883
2093,1725
2094,99779
2095,V5489
2096,75479
2097,71691
2098,7262
2099,42971
2100,7458
2101,74749
2102,E8197
2103,56982
2104,56969
2105,9658
2106,23871
2107,5305
2108,5264
2109,V1089
2110,E8508
2111,72884
2112,29530
2113,75557
2114,2530
2115,3556
2116,72691
2117,71594
2118,1533
2119,2531
2120,E9351
2121,1975
2122,E9319
2123,V0991
2124,7776
2125,74900
2126,74429
2127,75539
2128,75010
2129,73600
2130,E9222
2131,E9420
2132,0478
2133,0498
2134,55220
2135,7624
2136,99663
2137,95204
2138,95209
2139,4231
2140,46619
2141,V5339
2142,V3201
2143,3209
2144,9013
2145,542
2146,449
2147,78194
2148,79989
2149,51851
2150,27669
2151,7801
2152,60784
2153,80600
2154,85302
2155,30420
2156,7424
2157,V011
2158,7224
2159,2630
2160,73314
2161,0415
2162,78842
2163,36210
2164,5996
2165,8245
2166,9046
2167,99649
2168,7313
2169,7336
2170,29562
2171,9630
2172,85226
2173,E8227
2174,7795
2175,52410
2176,V052
2177,V5391
2178,7810
2179,1448
2180,30001
2181,V4973
2182,86101
2183,99609
2184,44329
2185,7845
2186,76079
2187,3588
2188,3109
2189,7934
2190,82525
2191,5080
2192,78605
2193,30563
2194,20530
2195,E8784
2196,20501
2197,44581
2198,4421
2199,V0482
2200,5224
2201,3379
2202,30928
2203,1175
2204,3210
2205,0542
2206,3804
2207,1987
2208,4387
2209,3682
2210,4374
2211,7767
2212,7423
2213,75529
2214,75559
2215,42989
2216,5730
2217,60499
2218,36284
2219,57401
2220,4613
2221,38300
2222,4352
2223,75981
2224,59389
2225,8748
2226,48239
2227,44284
2228,56984
2229,E8704
2230,587
2231,27503
2232,2777
2233,38910
2234,43830
2235,E9479
2236,86350
2237,86239
2238,34510
2239,1980
2240,1729
2241,75310
2242,4408
2243,43853
2244,3449
2245,9047
2246,1373
2247,30461
2248,5651
2249,56989
2250,80026
2251,2883
2252,29690
2253,71536
2254,77212
2255,7754
2256,E8156
2257,86409
2258,E8130
2259,84500
2260,7683
2261,92820
2262,92810
2263,9588
2264,4416
2265,78550
2266,1974
2267,88102
2268,36563
2269,5967
2270,5934
2271,78606
2272,2375
2273,32341
2274,69589
2275,85144
2276,82521
2277,08882
2278,20200
2279,33720
2280,7513
2281,V4963
2282,53370
2283,27739
2284,3689
2285,1808
2286,61801
2287,V1021
2288,3009
2289,30183
2290,42653
2291,5550
2292,5400
2293,1733
2294,57461
2295,5764
2296,30553
2297,8244
2298,7092
2299,8027
2300,8025
2301,52510
2302,2733
2303,2863
2304,76404
2305,72989
2306,5131
2307,47824
2308,7703
2309,9160
2310,7948
2311,1963
2312,1748
2313,1749
2314,V4585
2315,5181
2316,25081
2317,V6284
2318,8920
2319,44324
2320,57510
2321,7635
2322,0499
2323,81351
2324,81601
2325,72610
2326,86339
2327,E9229
2328,99590
2329,7483
2330,2512
2331,75501
2332,37739
2333,5401
2334,1540
2335,7249
2336,45189
2337,9729
2338,E8583
2339,42769
2340,V171
2341,5275
2342,56941
2343,9679
2344,E8529
2345,25072
2346,3371
2347,0419
2348,7712
2349,42761
2350,41412
2351,75502
2352,5206
2353,1609
2354,77982
2355,7083
2356,75982
2357,20150
2358,47833
2359,72981
2360,6989
2361,6111
2362,20152
2363,37034
2364,37611
2365,37612
2366,8676
2367,71534
2368,7295
2369,3090
2370,4295
2371,82100
2372,1918
2373,1768
2374,60783
2375,60886
2376,30122
2377,9950
2378,E9343
2379,99529
2380,07071
2381,30120
2382,7827
2383,6253
2384,25052
2385,36202
2386,7919
2387,V8543
2388,V4987
2389,85209
2390,2532
2391,3368
2392,2555
2393,V1309
2394,72886
2395,71106
2396,5647
2397,1105
2398,86381
2399,86321
2400,E9068
2401,7511
2402,V714
2403,E9588
2404,4733
2405,1109
2406,E9300
2407,56489
2408,V554
2409,7891
2410,2788
2411,0796
2412,3942
2413,43490
2414,27951
2415,78061
2416,V4575
2417,07041
2418,35989
2419,85205
2420,5695
2421,1888
2422,V4574
2423,V435
2424,3540
2425,79093
2426,81383
2427,2381
2428,75323
2429,73341
2430,3331
2431,99652
2432,8832
2433,92720
2434,92721
2435,V4962
2436,5710
2437,1891
2438,59382
2439,3577
2440,E9315
2441,2125
2442,V434
2443,43822
2444,0074
2445,53541
2446,5819
2447,30403
2448,2121
2449,29580
2450,25022
2451,V1043
2452,80132
2453,74920
2454,20260
2455,2410
2456,V202
2457,49300
2458,7089
2459,78607
2460,7080
2461,2722
2462,81318
2463,9713
2464,E8556
2465,20020
2466,5848
2467,53290
2468,1409
2469,1730
2470,64271
2471,64862
2472,64421
2473,65421
2474,64891
2475,V270
2476,V252
2477,5561
2478,56039
2479,76512
2480,8672
2481,30151
2482,95205
2483,85240
2484,E8193
2485,1518
2486,3014
2487,6954
2488,35789
2489,3589
2490,5563
2491,7102
2492,E8146
2493,75679
2494,29640
2495,47832
2496,30924
2497,7462
2498,7461
2499,7463
2500,2441
2501,193
2502,78441
2503,7942
2504,9340
2505,1981
2506,19882
2507,8251
2508,80843
2509,85011
2510,83905
2511,8250
2512,7280
2513,V8381
2514,73023
2515,7670
2516,1532
2517,V555
2518,3182
2519,71907
2520,87365
2521,E8706
2522,1390
2523,40290
2524,E9348
2525,7560
2526,V195
2527,7612
2528,76495
2529,V068
2530,81209
2531,V152
2532,7537
2533,5950
2534,V5841
2535,1104
2536,78096
2537,6010
2538,76403
2539,E9384
2540,57481
2541,8260
2542,6944
2543,7868
2544,6262
2545,45382
2546,45372
2547,49122
2548,71943
2549,29574
2550,84503
2551,2729
2552,9561
2553,80131
2554,99693
2555,E9190
2556,86100
2557,7101
2558,99642
2559,25201
2560,25030
2561,2459
2562,3370
2563,46611
2564,34292
2565,3330
2566,30302
2567,30521
2568,9190
2569,44629
2570,5258
2571,5374
2572,5198
2573,1732
2574,87364
2575,5961
2576,3490
2577,96909
2578,9680
2579,71591
2580,1370
2581,2893
2582,48231
2583,80300
2584,74721
2585,29980
2586,E9346
2587,5888
2588,5721
2589,55229
2590,3099
2591,80172
2592,80182
2593,90221
2594,28989
2595,72740
2596,684
2597,1572
2598,70702
2599,2825
2600,E9309
2601,64804
2602,64244
2603,64784
2604,55010
2605,7510
2606,7730
2607,E9413
2608,V850
2609,45386
2610,4536
2611,3480
2612,80162
2613,82531
2614,8029
2615,8921
2616,9509
2617,82529
2618,66551
2619,66582
2620,67432
2621,34291
2622,77984
2623,E8233
2624,83402
2625,37943
2626,37652
2627,9050
2628,3918
2629,3082
2630,E9447
2631,63320
2632,6391
2633,6396
2634,6398
2635,2165
2636,V230
2637,V8541
2638,80601
2639,57470
2640,25202
2641,3668
2642,78905
2643,80421
2644,1579
2645,2111
2646,V061
2647,38612
2648,E9424
2649,2912
2650,8702
2651,99639
2652,48232
2653,E8840
2654,56200
2655,78931
2656,2230
2657,7955
2658,E9585
2659,2699
2660,5259
2661,80629
2662,80112
2663,78930
2664,29630
2665,30750
2666,E9393
2667,E9411
2668,29560
2669,30021
2670,49391
2671,53220
2672,5581
2673,7876
2674,V183
2675,40201
2676,25003
2677,9224
2678,56961
2679,1174
2680,E9301
2681,0463
2682,1965
2683,44322
2684,53440
2685,5753
2686,E9353
2687,71986
2688,71895
2689,71846
2690,2929
2691,76384
2692,1800
2693,6268
2694,36189
2695,67323
2696,64863
2697,64303
2698,E8794
2699,19881
2700,986
2701,80238
2702,80222
2703,0051
2704,7535
2705,03844
2706,45389
2707,34401
2708,6821
2709,0340
2710,E9328
2711,24220
2712,85229
2713,E8196
2714,3829
2715,74510
2716,56986
2717,73722
2718,72930
2719,28804
2720,2397
2721,2448
2722,2329
2723,V169
2724,34571
2725,2812
2726,7797
2727,75451
2728,30460
2729,87340
2730,6960
2731,7864
2732,74569
2733,24280
2734,0793
2735,E9010
2736,81509
2737,77012
2738,V4509
2739,9081
2740,63491
2741,V0981
2742,36846
2743,2273
2744,80075
2745,36231
2746,83651
2747,88110
2748,8360
2749,8630
2750,78940
2751,61610
2752,2271
2753,25208
2754,7244
2755,E9174
2756,30473
2757,99666
2758,73016
2759,7422
2760,74343
2761,75513
2762,7441
2763,4353
2764,1880
2765,734
2766,2913
2767,76505
2768,30411
2769,8409
2770,E8504
2771,5713
2772,30410
2773,30402
2774,V698
2775,1330
2776,9010
2777,81321
2778,78031
2779,74560
2780,7536
2781,90241
2782,7888
2783,9042
2784,9582
2785,95912
2786,7504
2787,43410
2788,E887
2789,1531
2790,V4459
2791,V4572
2792,V1551
2793,3911
2794,99799
2795,7869
2796,70725
2797,V138
2798,E9496
2799,29572
2800,3708
2801,78720
2802,V5416
2803,1429
2804,4785
2805,9753
2806,80620
2807,E9871
2808,4279
2809,8605
2810,86389
2811,45183
2812,23691
2813,32726
2814,4780
2815,470
2816,36960
2817,463
2818,46431
2819,E9408
2820,2298
2821,99851
2822,6825
2823,53530
2824,30552
2825,4257
2826,4489
2827,2704
2828,2452
2829,7020
2830,7799
2831,71695
2832,E9356
2833,92310
2834,4200
2835,80025
2836,V610
2837,1820
2838,6953
2839,E8251
2840,99668
2841,57441
2842,78093
2843,3201
2844,9720
2845,9627
2846,04183
2847,3319
2848,40591
2849,V851
2850,E9425
2851,04182
2852,29622
2853,7962
2854,80626
2855,07033
2856,99791
2857,73026
2858,75531
2859,V1001
2860,7672
2861,0091
2862,25020
2863,81408
2864,53250
2865,5642
2866,81333
2867,2682
2868,3553
2869,8500
2870,34600
2871,33385
2872,V8812
2873,2599
2874,2519
2875,3361
2876,7226
2877,9064
2878,E9291
2879,99989
2880,72813
2881,80061
2882,9213
2883,7673
2884,53170
2885,3101
2886,49301
2887,36816
2888,1618
2889,7671
2890,7920
2891,8830
2892,9210
2893,37940
2894,E8918
2895,34460
2896,8509
2897,86345
2898,81402
2899,8797
2900,7610
2901,8300
2902,3071
2903,E9530
2904,78821
2905,E8151
2906,8744
2907,7540
2908,3335
2909,2979
2910,43812
2911,9248
2912,4919
2913,37230
2914,1953
2915,0931
2916,86354
2917,90254
2918,88012
2919,45385
2920,71696
2921,4549
2922,72611
2923,1889
2924,7915
2925,4801
2926,86229
2927,E9412
2928,53270
2929,V4576
2930,7600
2931,42290
2932,72781
2933,79579
2934,8831
2935,4720
2936,82381
2937,92320
2938,9142
2939,71103
2940,E8843
2941,4294
2942,80425
2943,E9889
2944,28951
2945,76382
2946,86404
2947,81210
2948,82312
2949,81392
2950,9301
2951,86801
2952,9563
2953,99932
2954,6988
2955,1911
2956,29212
2957,8246
2958,80106
2959,86802
2960,86400
2961,5373
2962,5439
2963,1420
2964,9953
2965,68609
2966,9070
2967,7636
2968,9212
2969,53531
2970,E9354
2971,43821
2972,E8785
2973,1611
2974,90082
2975,8713
2976,E8228
2977,075
2978,4162
2979,2832
2980,42610
2981,4474
2982,7798
2983,7051
2984,04082
2985,9392
2986,2558
2987,7704
2988,3203
2989,38302
2990,38321
2991,3831
2992,38100
2993,5551
2994,7296
2995,V311
2996,2726
2997,2390
2998,0400
2999,45383
3000,81343
3001,E9179
3002,V168
3003,1744
3004,01894
3005,0049
3006,0539
3007,80022
3008,92232
3009,53241
3010,42842
3011,9172
3012,29012
3013,55091
3014,7563
3015,80426
3016,32082
3017,90003
3018,2879
3019,28730
3020,E9325
3021,80503
3022,80228
3023,7910
3024,99675
3025,E8783
3026,57140
3027,20080
3028,4838
3029,44502
3030,4941
3031,7512
3032,7429
3033,2865
3034,8712
3035,37923
3036,82390
3037,64781
3038,65641
3039,64131
3040,64821
3041,2793
3042,4618
3043,7711
3044,73719
3045,7833
3046,9093
3047,99631
3048,74781
3049,78261
3050,96561
3051,6256
3052,42099
3053,1512
3054,53450
3055,7467
3056,217
3057,70400
3058,59371
3059,7762
3060,77213
3061,6089
3062,99645
3063,V291
3064,82003
3065,88100
3066,7488
3067,41012
3068,5071
3069,V1642
3070,81322
3071,2254
3072,7835
3073,1401
3074,81352
3075,2112
3076,7500
3077,36289
3078,E9438
3079,1348
3080,7759
3081,82110
3082,80010
3083,41020
3084,53150
3085,7596
3086,1521
3087,27901
3088,81010
3089,63590
3090,63511
3091,65963
3092,E9208
3093,9878
3094,5060
3095,E8698
3096,7469
3097,76506
3098,5226
3099,2940
3100,70704
3101,1119
3102,85256
3103,E9304
3104,096
3105,0949
3106,1548
3107,85402
3108,76418
3109,3369
3110,75839
3111,74259
3112,75460
3113,75319
3114,1231
3115,7720
3116,2931
3117,7961
3118,72700
3119,8362
3120,71236
3121,71589
3122,5233
3123,1580
3124,70219
3125,5800
3126,1419
3127,7538
3128,42760
3129,77182
3130,243
3131,E8257
3132,87202
3133,69010
3134,79094
3135,4830
3136,0971
3137,1272
3138,72887
3139,2376
3140,7811
3141,632
3142,6392
3143,75989
3144,82130
3145,88003
3146,9894
3147,E9506
3148,38630
3149,56401
3150,23879
3151,7539
3152,64224
3153,64824
3154,25510
3155,1619
3156,7945
3157,7041
3158,58181
3159,72939
3160,0530
3161,78604
3162,92410
3163,72751
3164,6924
3165,57411
3166,4510
3167,9642
3168,07951
3169,74729
3170,5846
3171,E8811
3172,07810
3173,1101
3174,33119
3175,25031
3176,2382
3177,1737
3178,7874
3179,53201
3180,7062
3181,30523
3182,0272
3183,5719
3184,V596
3185,5754
3186,9348
3187,74511
3188,52809
3189,37300
3190,2871
3191,95200
3192,9029
3193,75500
3194,30749
3195,05472
3196,V0179
3197,25032
3198,40599
3199,78065
3200,2541
3201,25033
3202,27700
3203,V8537
3204,932
3205,80020
3206,37000
3207,37630
3208,38869
3209,2538
3210,4258
3211,49321
3212,4269
3213,76405
3214,34440
3215,4266
3216,83650
3217,2771
3218,38842
3219,30522
3220,80475
3221,80485
3222,7449
3223,52550
3224,V4577
3225,27787
3226,2779
3227,6981
3228,E8881
3229,7576
3230,7294
3231,2739
3232,2731
3233,7482
3234,28311
3235,4464
3236,2154
3237,72290
3238,53011
3239,1874
3240,87351
3241,87353
3242,3536
3243,7779
3244,7582
3245,44283
3246,64111
3247,66911
3248,82120
3249,95914
3250,74100
3251,1986
3252,V5041
3253,83104
3254,33729
3255,85146
3256,20010
3257,6023
3258,4610
3259,5902
3260,75162
3261,7862
3262,2860
3263,71509
3264,7265
3265,8439
3266,80232
3267,E8705
3268,8871
3269,5269
3270,37273
3271,81103
3272,30392
3273,9120
3274,75169
3275,90287
3276,87361
3277,37430
3278,36211
3279,7443
3280,74686
3281,6931
3282,V1502
3283,86329
3284,80142
3285,82310
3286,9831
3287,E8641
3288,59581
3289,0312
3290,20240
3291,80853
3292,86502
3293,92801
3294,90289
3295,33521
3296,29600
3297,95909
3298,2101
3299,2824
3300,7514
3301,74722
3302,99640
3303,29389
3304,53511
3305,23877
3306,05320
3307,4409
3308,23770
3309,92411
3310,69018
3311,5969
3312,1140
3313,72871
3314,33722
3315,64683
3316,64823
3317,65423
3318,07799
3319,37239
3320,33821
3321,E8496
3322,80312
3323,80639
3324,V0189
3325,63592
3326,64783
3327,64843
3328,64203
3329,66624
3330,67004
3331,66534
3332,6151
3333,65404
3334,44289
3335,66634
3336,36234
3337,1503
3338,E9313
3339,7103
3340,1519
3341,1514
3342,9599
3343,30014
3344,V608
3345,V638
3346,86513
3347,92301
3348,V1351
3349,73316
3350,938
3351,64861
3352,64761
3353,64201
3354,64621
3355,64881
3356,66942
3357,67482
3358,64842
3359,7732
3360,5809
3361,1620
3362,80140
3363,E8180
3364,1513
3365,1966
3366,V580
3367,1410
3368,8075
3369,E9538
3370,7480
3371,65951
3372,66921
3373,29043
3374,7088
3375,5409
3376,5521
3377,V1084
3378,9752
3379,78449
3380,34430
3381,78099
3382,7503
3383,7475
3384,75489
3385,80015
3386,40491
3387,6802
3388,70583
3389,2781
3390,82122
3391,82129
3392,80322
3393,82301
3394,7200
3395,E8540
3396,82322
3397,5952
3398,8782
3399,72671
3400,72619
3401,4731
3402,40493
3403,78832
3404,7789
3405,75614
3406,86610
3407,86814
3408,86812
3409,E9654
3410,33382
3411,E9401
3412,81240
3413,2898
3414,9089
3415,5951
3416,72252
3417,78094
3418,4710
3419,7825
3420,9724
3421,75555
3422,72142
3423,30483
3424,2395
3425,30423
3426,28749
3427,76501
3428,7623
3429,86222
3430,2631
3431,E9178
3432,20198
3433,37991
3434,46450
3435,9171
3436,64251
3437,67402
3438,65261
3439,66331
3440,65651
3441,65801
3442,65961
3443,V272
3444,44281
3445,3561
3446,71531
3447,24281
3448,80332
3449,4770
3450,2132
3451,1307
3452,05419
3453,3100
3454,78903
3455,6948
3456,2513
3457,V4284
3458,E9688
3459,3076
3460,03641
3461,92311
3462,74924
3463,85241
3464,80662
3465,7728
3466,03285
3467,29573
3468,07031
3469,2808
3470,45989
3471,9685
3472,E8552
3473,35801
3474,0270
3475,30583
3476,53490
3477,1612
3478,1481
3479,1613
3480,V643
3481,7822
3482,3552
3483,75732
3484,9273
3485,81611
3486,9035
3487,E9196
3488,82392
3489,9562
3490,45387
3491,5811
3492,V148
3493,V062
3494,1640
3495,V1029
3496,78729
3497,94214
3498,6869
3499,9054
3500,E989
3501,80616
3502,82321
3503,80031
3504,86352
3505,27803
3506,E9299
3507,E9278
3508,29699
3509,74761
3510,7292
3511,1530
3512,V5412
3513,V1641
3514,9597
3515,2638
3516,4259
3517,4289
3518,01880
3519,13102
3520,60090
3521,43884
3522,73810
3523,80321
3524,99643
3525,9670
3526,E9501
3527,9941
3528,90234
3529,90233
3530,8620
3531,86320
3532,63381
3533,63391
3534,44032
3535,85225
3536,80105
3537,87330
3538,1504
3539,2758
3540,2337
3541,V4561
3542,7566
3543,V040
3544,V066
3545,9222
3546,2443
3547,33183
3548,6181
3549,1251
3550,64663
3551,64813
3552,2698
3553,V503
3554,86330
3555,8742
3556,05410
3557,29520
3558,79415
3559,57142
3560,E8845
3561,V5811
3562,90081
3563,V292
3564,7108
3565,7964
3566,3897
3567,80375
3568,E9382
3569,9090
3570,E9292
3571,60490
3572,2281
3573,81405
3574,81501
3575,80135
3576,V192
3577,63451
3578,67451
3579,72669
3580,1720
3581,75689
3582,75313
3583,34409
3584,0412
3585,99684
3586,7104
3587,7831
3588,700
3589,7038
3590,20920
3591,74762
3592,7018
3593,4386
3594,V029
3595,37633
3596,40403
3597,7569
3598,20800
3599,78055
3600,86122
3601,1100
3602,6979
3603,E8714
3604,1844
3605,45119
3606,73088
3607,01504
3608,E8129
3609,52801
3610,6019
3611,53500
3612,71238
3613,38908
3614,2126
3615,80076
3616,81251
3617,3200
3618,41419
3619,1463
3620,E8793
3621,66604
3622,74769
3623,6159
3624,3619
3625,36000
3626,V140
3627,36105
3628,E8140
3629,6038
3630,V1541
3631,4559
3632,V51
3633,86412
3634,71109
3635,9920
3636,4881
3637,74922
3638,7028
3639,E9422
3640,24911
3641,78340
3642,6963
3643,7714
3644,2540
3645,2548
3646,3951
3647,99830
3648,37275
3649,74193
3650,E9108
3651,9161
3652,0970
3653,7881
3654,86403
3655,3519
3656,63502
3657,63310
3658,6201
3659,80109
3660,1490
3661,V142
3662,72971
3663,4789
3664,55011
3665,V135
3666,86601
3667,8792
3668,7235
3669,73732
3670,7587
3671,8449
3672,73670
3673,20021
3674,2143
3675,4539
3676,7570
3677,85125
3678,81250
3679,2388
3680,57431
3681,1759
3682,34404
3683,85141
3684,75566
3685,3380
3686,47834
3687,5078
3688,3591
3689,79022
3690,4612
3691,E9589
3692,01803
3693,V1049
3694,9779
3695,E9805
3696,1511
3697,74684
3698,5566
3699,81382
3700,V5423
3701,36362
3702,5219
3703,8901
3704,85140
3705,2894
3706,2182
3707,28262
3708,5173
3709,4808
3710,7564
3711,87201
3712,2818
3713,E8231
3714,73029
3715,E9307
3716,6962
3717,V1529
3718,7485
3719,34282
3720,5538
3721,72273
3722,V1062
3723,20285
3724,7602
3725,82131
3726,E9650
3727,V1081
3728,71949
3729,20290
3730,V6889
3731,7628
3732,1707
3733,E8581
3734,05313
3735,83942
3736,87359
3737,80622
3738,37501
3739,37489
3740,2829
3741,7930
3742,24291
3743,44620
3744,29540
3745,E9410
3746,81311
3747,82001
3748,E8219
3749,36970
3750,2594
3751,81203
3752,V2651
3753,8081
3754,7517
3755,82132
3756,7631
3757,85189
3758,7771
3759,80115
3760,71831
3761,7529
3762,32721
3763,3576
3764,88120
3765,81504
3766,92710
3767,88112
3768,81252
3769,2822
3770,23872
3771,01896
3772,65971
3773,64121
3774,3094
3775,01215
3776,75616
3777,9691
3778,00581
3779,2827
3780,7912
3781,52400
3782,V1252
3783,65451
3784,66602
3785,66941
3786,78059
3787,72271
3788,53110
3789,8739
3790,8850
3791,E9201
3792,9529
3793,34200
3794,41512
3795,2122
3796,2123
3797,7541
3798,2391
3799,5831
3800,34210
3801,E9554
3802,82020
3803,78066
3804,E9306
3805,V5309
3806,99678
3807,7131
3808,E8761
3809,76491
3810,38589
3811,80035
3812,5966
3813,2710
3814,V1242
3815,V741
3816,60889
3817,40401
3818,29632
3819,V1649
3820,390
3821,2141
3822,71699
3823,75026
3824,48284
3825,4420
3826,34500
3827,87321
3828,07889
3829,47879
3830,47819
3831,7217
3832,E8880
3833,E9209
3834,1300
3835,0319
3836,81241
3837,47412
3838,2776
3839,6143
3840,5362
3841,78199
3842,8221
3843,6945
3844,6271
3845,20283
3846,23771
3847,72690
3848,8170
3849,8502
3850,78869
3851,75321
3852,38861
3853,2251
3854,7686
3855,2301
3856,E8171
3857,7012
3858,4556
3859,86611
3860,7785
3861,V198
3862,1990
3863,30751
3864,43391
3865,E8212
3866,04101
3867,2794
3868,V1509
3869,70409
3870,88013
3871,E8503
3872,80609
3873,80624
3874,81400
3875,0041
3876,E8624
3877,3220
3878,37775
3879,75550
3880,75560
3881,7611
3882,2589
3883,75433
3884,9031
3885,2396
3886,92303
3887,E9687
3888,7780
3889,71680
3890,72673
3891,V463
3892,53570
3893,2728
3894,7354
3895,75240
3896,37921
3897,25021
3898,20401
3899,64893
3900,V024
3901,2164
3902,2180
3903,47821
3904,20310
3905,59659
3906,7633
3907,41181
3908,E9303
3909,90220
3910,V6405
3911,75671
3912,8440
3913,1941
3914,75481
3915,9762
3916,E8611
3917,E9888
3918,37556
3919,46430
3920,6040
3921,6952
3922,76499
3923,V7651
3924,7149
3925,71903
3926,V023
3927,5989
3928,V1088
3929,3442
3930,9947
3931,70901
3932,V626
3933,2442
3934,81412
3935,81519
3936,8442
3937,8361
3938,95215
3939,E8282
3940,3580
3941,34981
3942,V188
3943,20005
3944,2537
3945,34541
3946,V1241
3947,78891
3948,7723
3949,V5849
3950,81406
3951,81407
3952,28489
3953,99563
3954,3562
3955,74741
3956,64844
3957,74362
3958,72705
3959,60010
3960,37800
3961,1610
3962,29421
3963,7613
3964,53400
3965,4219
3966,6190
3967,3419
3968,V4361
3969,28652
3970,9995
3971,51189
3972,58189
3973,78799
3974,95214
3975,33372
3976,1464
3977,27411
3978,V560
3979,1568
3980,80324
3981,92231
3982,7758
3983,34551
3984,74687
3985,7428
3986,7981
3987,47811
3988,7818
3989,43813
3990,30022
3991,30580
3992,E9293
3993,30502
3994,5804
3995,76508
3996,7792
3997,66932
3998,64292
3999,65441
4000,64682
4001,V5862
4002,29041
4003,E8854
4004,65613
4005,4748
4006,1400
4007,67403
4008,56202
4009,55200
4010,6203
4011,38900
4012,V448
4013,43840
4014,7284
4015,27903
4016,20890
4017,20192
4018,29384
4019,V5812
4020,53781
4021,78863
4022,8930
4023,33818
4024,90453
4025,8441
4026,86103
4027,75430
4028,5562
4029,4958
4030,81001
4031,75016
4032,4479
4033,53210
4034,1418
4035,20281
4036,4541
4037,78760
4038,34481
4039,80341
4040,5283
4041,0846
4042,30541
4043,3093
4044,53520
4045,8793
4046,9839
4047,9767
4048,E9507
4049,E9581
4050,9899
4051,55300
4052,47411
4053,3315
4054,3952
4055,1543
4056,5935
4057,5239
4058,37730
4059,V4984
4060,47820
4061,V653
4062,7949
4063,E9192
4064,9038
4065,71954
4066,9059
4067,E9470
4068,80160
4069,E9651
4070,81512
4071,4848
4072,74789
4073,74609
4074,90301
4075,9534
4076,7817
4077,9557
4078,7589
4079,E8126
4080,6205
4081,V549
4082,78459
4083,E9364
4084,V0950
4085,E8131
4086,80223
4087,78834
4088,7791
4089,3910
4090,7282
4091,9140
4092,49302
4093,7620
4094,63572
4095,63522
4096,63512
4097,37203
4098,75617
4099,95911
4100,7358
4101,8873
4102,E9385
4103,44282
4104,80196
4105,80851
4106,V182
4107,5822
4108,80124
4109,85184
4110,81600
4111,78469
4112,6210
4113,82019
4114,81331
4115,475
4116,8870
4117,81510
4118,9553
4119,71844
4120,3249
4121,34402
4122,E9170
4123,78899
4124,V425
4125,72633
4126,30781
4127,81231
4128,5963
4129,8088
4130,99654
4131,37702
4132,20211
4133,20218
4134,1736
4135,7093
4136,99677
4137,7218
4138,34620
4139,V2652
4140,9524
4141,7333
4142,9952
4143,6264
4144,7238
4145,86393
4146,86413
4147,E9220
4148,05889
4149,2690
4150,20270
4151,E8181
4152,82523
4153,V4587
4154,3061
4155,1910
4156,32727
4157,4551
4158,5285
4159,30430
4160,76389
4161,1467
4162,52109
4163,75881
4164,V1659
4165,2718
4166,8504
4167,E8232
4168,73689
4169,72761
4170,30593
4171,36230
4172,34281
4173,2380
4174,81249
4175,85310
4176,55129
4177,E8318
4178,72403
4179,37990
4180,V5842
4181,0048
4182,V1369
4183,20502
4184,V1091
4185,8821
4186,72211
4187,2561
4188,74869
4189,37950
4190,2191
4191,6170
4192,2210
4193,8261
4194,82522
4195,8471
4196,75522
4197,75265
4198,8749
4199,6116
4200,70909
4201,80306
4202,1460
4203,8631
4204,41032
4205,71901
4206,6011
4207,7929
4208,4243
4209,E9173
4210,36500
4211,36565
4212,07811
4213,29420
4214,29411
4215,4581
4216,9618
4217,9614
4218,5529
4219,61804
4220,6185
4221,2564
4222,9858
4223,72704
4224,80423
4225,9011
4226,8281
4227,67153
4228,7774
4229,78341
4230,6082
4231,81109
4232,7505
4233,42292
4234,9523
4235,5929
4236,73340
4237,81002
4238,27802
4239,78062
4240,46411
4241,81503
4242,99527
4243,E9445
4244,V5481
4245,E8200
4246,1588
4247,64313
4248,80030
4249,81102
4250,28260
4251,7722
4252,V4971
4253,7685
4254,6198
4255,3499
4256,2155
4257,5769
4258,27789
4259,72982
4260,3530
4261,6258
4262,8970
4263,80006
4264,1129
4265,V1643
4266,V8401
4267,V4960
4268,90226
4269,86399
4270,72283
4271,5812
4272,8677
4273,83979
4274,8780
4275,9260
4276,V421
4277,75249
4278,3502
4279,56031
4280,36441
4281,99653
4282,1608
4283,7709
4284,048
4285,67154
4286,5941
4287,42650
4288,2419
4289,53120
4290,7932
4291,81419
4292,81418
4293,9034
4294,V1069
4295,74921
4296,1840
4297,2333
4298,5277
4299,E9391
4300,3321
4301,71843
4302,59655
4303,8960
4304,2840
4305,6182
4306,86603
4307,4291
4308,E8216
4309,5564
4310,85400
4311,2751
4312,E8141
4313,8089
4314,80660
4315,9352
4316,7627
4317,2515
4318,1716
4319,08240
4320,E8133
4321,85239
4322,9009
4323,85219
4324,87374
4325,52689
4326,90001
4327,E986
4328,27788
4329,69282
4330,86132
4331,541
4332,3017
4333,9571
4334,75983
4335,57480
4336,5122
4337,78639
4338,71911
4339,42651
4340,1149
4341,28861
4342,0840
4343,E9314
4344,1715
4345,56781
4346,2330
4347,80136
4348,81602
4349,9233
4350,V1086
4351,80350
4352,80000
4353,78721
4354,78723
4355,1458
4356,30422
4357,28419
4358,00847
4359,23876
4360,52462
4361,2889
4362,38010
4363,71916
4364,74740
4365,92619
4366,64623
4367,3432
4368,7542
4369,6160
4370,56032
4371,44323
4372,81403
4373,5238
4374,267
4375,683
4376,4431
4377,36217
4378,71597
4379,6171
4380,V0971
4381,22800
4382,5756
4383,7321
4384,80631
4385,86131
4386,90089
4387,1702
4388,59960
4389,27952
4390,61802
4391,37452
4392,45111
4393,6140
4394,6141
4395,4296
4396,1414
4397,2651
4398,7355
4399,59651
4400,71849
4401,01190
4402,01136
4403,80225
4404,87354
4405,V1012
4406,81110
4407,24900
4408,36320
4409,V5864
4410,7481
4411,74363
4412,3518
4413,71102
4414,78630
4415,56481
4416,9245
4417,E8012
4418,6235
4419,1308
4420,E9345
4421,V8522
4422,V5427
4423,V1859
4424,66401
4425,6173
4426,74601
4427,90222
4428,7676
4429,V620
4430,1920
4431,1398
4432,80082
4433,81354
4434,E8405
4435,V166
4436,9055
4437,5306
4438,5640
4439,74902
4440,5699
4441,E8226
4442,3360
4443,9390
4444,V468
4445,E8548
4446,68601
4447,20243
4448,6118
4449,4150
4450,V4965
4451,2353
4452,71616
4453,55093
4454,62989
4455,7520
4456,70521
4457,80606
4458,11599
4459,7796
4460,2130
4461,7946
4462,V5873
4463,79409
4464,75683
4465,3548
4466,3592
4467,E9081
4468,77439
4469,9760
4470,81212
4471,E9579
4472,80239
4473,81323
4474,2357
4475,83908
4476,60789
4477,E9294
4478,4171
4479,73712
4480,72251
4481,7385
4482,6018
4483,75320
4484,V4450
4485,85105
4486,75431
4487,80400
4488,1209
4489,4719
4490,1208
4491,5942
4492,2142
4493,V583
4494,9559
4495,9039
4496,2853
4497,1641
4498,99772
4499,38912
4500,V708
4501,7902
4502,90002
4503,3482
4504,0980
4505,4475
4506,V469
4507,V694
4508,1542
4509,9989
4510,85211
4511,E8241
4512,3019
4513,3959
4514,52800
4515,E8341
4516,80412
4517,87360
4518,E8260
4519,4419
4520,25639
4521,71516
4522,5568
4523,85309
4524,86349
4525,20001
4526,E8132
4527,27911
4528,99562
4529,75269
4530,9040
4531,81511
4532,8912
4533,E970
4534,E8609
4535,4959
4536,45381
4537,34511
4538,E9370
4539,37700
4540,1529
4541,5282
4542,76511
4543,32089
4544,1211
4545,99683
4546,E9175
4547,4530
4548,36841
4549,90141
4550,E9389
4551,43831
4552,83805
4553,92401
4554,46400
4555,2510
4556,42293
4557,83202
4558,33390
4559,47400
4560,9308
4561,460
4562,01325
4563,59000
4564,64803
4565,V239
4566,2367
4567,71698
4568,4540
4569,72703
4570,7105
4571,94421
4572,9893
4573,V189
4574,07819
4575,5832
4576,86514
4577,3083
4578,6266
4579,E9018
4580,94534
4581,9913
4582,86102
4583,37313
4584,34201
4585,34403
4586,1724
4587,41403
4588,9462
4589,94840
4590,87412
4591,74483
4592,80071
4593,80151
4594,9580
4595,0398
4596,41000
4597,118
4598,64133
4599,6918
4600,1714
4601,1649
4602,53300
4603,80473
4604,7289
4605,1589
4606,0529
4607,326
4608,4131
4609,7212
4610,E9452
4611,74681
4612,74685
4613,E8800
4614,51852
4615,99749
4616,7350
4617,7271
4618,7618
4619,5172
4620,71926
4621,1108
4622,1735
4623,1743
4624,0545
4625,75444
4626,83101
4627,43850
4628,71233
4629,79402
4630,64511
4631,05371
4632,E8718
4633,81308
4634,1848
4635,6920
4636,80145
4637,71537
4638,37887
4639,1537
4640,8922
4641,86340
4642,1760
4643,3839
4644,5582
4645,07953
4646,71887
4647,8068
4648,3522
4649,1599
4650,78651
4651,99583
4652,E9677
4653,V6289
4654,4320
4655,2588
4656,69289
4657,E8199
4658,3698
4659,V618
4660,51284
4661,2454
4662,3961
4663,64801
4664,2117
4665,1478
4666,1479
4667,8861
4668,81603
4669,77431
4670,E8702
4671,86112
4672,6959
4673,V9089
4674,94128
4675,94127
4676,8621
4677,3129
4678,1643
4679,37635
4680,6273
4681,6248
4682,30789
4683,20208
4684,95208
4685,73349
4686,3509
4687,7581
4688,7575
4689,74763
4690,7944
4691,V1869
4692,72742
4693,67484
4694,64664
4695,8243
4696,E8127
4697,0527
4698,0778
4699,2110
4700,9080
4701,6188
4702,5234
4703,V5411
4704,9052
4705,45377
4706,45375
4707,45376
4708,E9283
4709,71942
4710,V6443
4711,5880
4712,80236
4713,75521
4714,58289
4715,28240
4716,V145
4717,V1508
4718,41405
4719,30016
4720,37993
4721,V8530
4722,88019
4723,E9674
4724,3337
4725,01300
4726,4718
4727,4732
4728,81401
4729,7079
4730,8751
4731,7721
4732,52512
4733,86414
4734,29900
4735,76510
4736,2334
4737,85403
4738,3069
4739,66111
4740,64782
4741,20380
4742,1734
4743,77589
4744,3491
4745,8972
4746,9063
4747,01085
4748,9019
4749,E9204
4750,V1061
4751,2581
4752,94532
4753,V5426
4754,78050
4755,8058
4756,4449
4757,3434
4758,1769
4759,2778
4760,53441
4761,71913
4762,71917
4763,01895
4764,01805
4765,5731
4766,37710
4767,37716
4768,32725
4769,3418
4770,7585
4771,0709
4772,6213
4773,30989
4774,2727
4775,6829
4776,34202
4777,1914
4778,E8238
4779,75432
4780,2339
4781,6926
4782,E8654
4783,40413
4784,30571
4785,83809
4786,5513
4787,32381
4788,42742
4789,43380
4790,85242
4791,41090
4792,V3200
4793,72743
4794,3590
4795,01194
4796,73013
4797,09181
4798,6175
4799,59969
4800,4272
4801,3555
4802,5760
4803,E8860
4804,3869
4805,64833
4806,64903
4807,81612
4808,88020
4809,2870
4810,5909
4811,0085
4812,9895
4813,E9053
4814,64944
4815,38015
4816,9162
4817,80311
4818,8363
4819,76416
4820,7042
4821,8728
4822,6178
4823,1739
4824,34120
4825,11285
4826,90223
4827,3068
4828,E9620
4829,7933
4830,75537
4831,V6129
4832,85100
4833,0470
4834,20511
4835,6079
4836,E959
4837,9001
4838,502
4839,83920
4840,E8853
4841,37601
4842,80165
4843,E9550
4844,1763
4845,E9357
4846,7773
4847,77985
4848,V4382
4849,4351
4850,80476
4851,V222
4852,85406
4853,71815
4854,8791
4855,5847
4856,E9177
4857,2799
4858,20212
4859,20213
4860,1639
4861,2371
4862,9471
4863,E8764
4864,86120
4865,1440
4866,V162
4867,3349
4868,27661
4869,7583
4870,5763
4871,5959
4872,E9463
4873,5160
4874,5851
4875,0310
4876,74330
4877,74320
4878,67434
4879,3769
4880,4467
4881,V716
4882,76381
4883,51181
4884,3549
4885,9514
4886,9569
4887,38903
4888,80152
4889,9061
4890,78934
4891,86419
4892,86331
4893,52101
4894,9075
4895,80315
4896,1728
4897,E9499
4898,7141
4899,3159
4900,V8534
4901,8479
4902,3671
4903,6002
4904,64661
4905,65671
4906,85145
4907,40490
4908,07053
4909,85196
4910,81307
4911,7388
4912,V5401
4913,5169
4914,5949
4915,E9011
4916,9766
4917,E8587
4918,80466
4919,38830
4920,8460
4921,71836
4922,7176
4923,28950
4924,95206
4925,V561
4926,2706
4927,7279
4928,7763
4929,3699
4930,35971
4931,2169
4932,75569
4933,8073
4934,1450
4935,80176
4936,E9559
4937,3080
4938,37924
4939,36570
4940,43881
4941,36523
4942,6164
4943,4379
4944,5670
4945,1723
4946,4531
4947,29644
4948,28412
4949,8851
4950,2386
4951,7380
4952,73819
4953,73006
4954,00863
4955,99689
4956,37482
4957,80420
4958,E8188
4959,20287
4960,80316
4961,32351
4962,2462
4963,83652
4964,4149
4965,9631
4966,V175
4967,E8703
4968,V1504
4969,81242
4970,84209
4971,34211
4972,34581
4973,36812
4974,3207
4975,74489
4976,V403
4977,5560
4978,74441
4979,7590
4980,75019
4981,80326
4982,7768
4983,36213
4984,V1389
4985,36641
4986,7593
4987,9043
4988,9048
4989,70900
4990,7592
4991,5982
4992,7859
4993,V703
4994,25023
4995,74861
4996,30181
4997,V5831
4998,5199
4999,5820
5000,5830
5001,28809
5002,E9360
5003,86343
5004,78442
5005,33812
5006,8411
5007,80441
5008,80141
5009,1630
5010,75612
5011,V8542
5012,98989
5013,E8613
5014,67404
5015,67204
5016,V5399
5017,30723
5018,83906
5019,80710
5020,58081
5021,78831
5022,88023
5023,9278
5024,83200
5025,74322
5026,38870
5027,2362
5028,99801
5029,99641
5030,0622
5031,73629
5032,1718
5033,52469
5034,37909
5035,38200
5036,7601
5037,81381
5038,81243
5039,48281
5040,6805
5041,7871
5042,2166
5043,66511
5044,86355
5045,8795
5046,8787
5047,8785
5048,78837
5049,80470
5050,24230
5051,71222
5052,48801
5053,99688
5054,37515
5055,38201
5056,76500
5057,3007
5058,74423
5059,E9063
5060,73312
5061,37842
5062,32713
5063,6162
5064,74349
5065,1950
5066,9198
5067,44589
5068,80023
5069,75461
5070,34700
5071,52108
5072,3573
5073,37942
5074,33989
5075,88000
5076,5309
5077,6806
5078,37881
5079,55120
5080,8408
5081,8701
5082,81259
5083,88121
5084,V0481
5085,1528
5086,72782
5087,7828
5088,0392
5089,75611
5090,30012
5091,1712
5092,6200
5093,92800
5094,92612
5095,81409
5096,77018
5097,E8415
5098,38022
5099,0860
5100,3340
5101,V400
5102,V5415
5103,65221
5104,9099
5105,51636
5106,70700
5107,90251
5108,59972
5109,0780
5110,87322
5111,90142
5112,29289
5113,1118
5114,90182
5115,72660
5116,80001
5117,71909
5118,3526
5119,11283
5120,1922
5121,3749
5122,86232
5123,85190
5124,E9850
5125,9585
5126,5539
5127,55202
5128,E8588
5129,7011
5130,63552
5131,65583
5132,9721
5133,9744
5134,E8585
5135,4918
5136,64254
5137,9191
5138,9911
5139,24210
5140,0311
5141,6183
5142,73301
5143,7420
5144,5200
5145,81303
5146,9149
5147,3545
5148,E8211
5149,84200
5150,63411
5151,63401
5152,67414
5153,65444
5154,64894
5155,66944
5156,E8142
5157,1602
5158,4473
5159,9710
5160,6970
5161,2360
5162,E9019
5163,31239
5164,7901
5165,75511
5166,7595
5167,2302
5168,74912
5169,V289
5170,8961
5171,E9200
5172,27489
5173,64204
5174,85131
5175,88001
5176,01193
5177,38610
5178,74910
5179,80175
5180,80432
5181,81101
5182,9515
5183,V1589
5184,64264
5185,64814
5186,85175
5187,9249
5188,E8250
5189,0790
5190,4350
5191,6184
5192,7908
5193,V604
5194,V074
5195,V7281
5196,E8850
5197,77430
5198,78933
5199,33189
5200,37140
5201,71216
5202,04105
5203,53230
5204,30009
5205,1905
5206,V1261
5207,0902
5208,86809
5209,49381
5210,2891
5211,85231
5212,9605
5213,5088
5214,37749
5215,9664
5216,9513
5217,9510
5218,6080
5219,E8841
5220,72789
5221,7010
5222,0700
5223,9996
5224,0940
5225,5273
5226,1449
5227,1431
5228,5361
5229,E9193
5230,36101
5231,9220
5232,71970
5233,V1250
5234,95202
5235,80602
5236,7068
5237,80180
5238,9068
5239,1726
5240,94332
5241,94234
5242,V6282
5243,95893
5244,0520
5245,78951
5246,27950
5247,7030
5248,4480
5249,73672
5250,79509
5251,0794
5252,62210
5253,V6111
5254,75520
5255,42518
5256,6214
5257,38872
5258,V331
5259,6278
5260,6938
5261,74600
5262,81302
5263,37431
5264,83661
5265,6009
5266,87261
5267,6012
5268,00861
5269,71515
5270,3789
5271,36510
5272,6149
5273,30543
5274,85203
5275,66524
5276,0859
5277,86130
5278,87350
5279,80603
5280,E8797
5281,95203
5282,04103
5283,80085
5284,71155
5285,71226
5286,V172
5287,4611
5288,9912
5289,73012
5290,5253
5291,2325
5292,67333
5293,64403
5294,30481
5295,V640
5296,13101
5297,E9678
5298,99581
5299,2652
5300,78262
5301,E8353
5302,7992
5303,67311
5304,66811
5305,8710
5306,8716
5307,7402
5308,8418
5309,6269
5310,71432
5311,0979
5312,V167
5313,36003
5314,99580
5315,E9673
5316,20003
5317,6168
5318,7634
5319,7851
5320,V4989
5321,73002
5322,V5863
5323,2370
5324,6221
5325,77087
5326,V558
5327,E851
5328,E8110
5329,85106
5330,6073
5331,8469
5332,V1552
5333,1710
5334,V430
5335,V1559
5336,75440
5337,85210
5338,1638
5339,81332
5340,71990
5341,79401
5342,35579
5343,1452
5344,37603
5345,7014
5346,7439
5347,94420
5348,74923
5349,36811
5350,38582
5351,E8769
5352,90450
5353,83660
5354,86512
5355,94522
5356,E9242
5357,88111
5358,71489
5359,81202
5360,3709
5361,20201
5362,25542
5363,7260
5364,85215
5365,4220
5366,3971
5367,27906
5368,2872
5369,8370
5370,2798
5371,6272
5372,71530
5373,80360
5374,43852
5375,82342
5376,9530
5377,37701
5378,E9322
5379,7741
5380,73089
5381,68102
5382,30150
5383,99567
5384,71940
5385,63311
5386,71856
5387,3234
5388,73097
5389,67324
5390,4519
5391,90442
5392,8472
5393,85404
5394,9578
5395,28310
5396,80430
5397,80410
5398,9539
5399,74732
5400,V8545
5401,E8762
5402,74925
5403,37956
5404,V072
5405,20191
5406,77016
5407,E9338
5408,37143
5409,V431
5410,2163
5411,3410
5412,32382
5413,2972
5414,3438
5415,E9670
5416,80336
5417,45351
5418,30250
5419,V181
5420,80608
5421,64831
5422,3348
5423,E8709
5424,74442
5425,27540
5426,36403
5427,60011
5428,V8538
5429,80436
5430,7386
5431,33510
5432,44621
5433,E9060
5434,2828
5435,05329
5436,20282
5437,71966
5438,85224
5439,71784
5440,8371
5441,78064
5442,E9249
5443,V4289
5444,V1651
5445,V8536
5446,74359
5447,74103
5448,2118
5449,00862
5450,59370
5451,20220
5452,86342
5453,59984
5454,80174
5455,85314
5456,80164
5457,81613
5458,E9238
5459,E9451
5460,7744
5461,E9225
5462,37689
5463,0912
5464,3541
5465,6984
5466,07059
5467,30480
5468,75613
5469,75160
5470,28733
5471,80032
5472,9802
5473,E8603
5474,31289
5475,29282
5476,5940
5477,9851
5478,E8663
5479,E8582
5480,87373
5481,2394
5482,E9387
5483,52406
5484,20891
5485,20490
5486,1535
5487,20590
5488,V110
5489,7222
5490,4170
5491,E9395
5492,82002
5493,78838
5494,72672
5495,3431
5496,37810
5497,2821
5498,8448
5499,6142
5500,7916
5501,2306
5502,56944
5503,3089
5504,36522
5505,7572
5506,36040
5507,59011
5508,79901
5509,86613
5510,87411
5511,8761
5512,28862
5513,61650
5514,E8182
5515,E9457
5516,73320
5517,75317
5518,73302
5519,81514
5520,27953
5521,05443
5522,67002
5523,64231
5524,6150
5525,9948
5526,E9000
5527,7937
5528,9094
5529,40200
5530,36901
5531,V562
5532,87269
5533,E963
5534,E964
5535,29010
5536,85173
5537,1885
5538,1439
5539,1727
5540,68111
5541,9957
5542,9012
5543,E9433
5544,1809
5545,20030
5546,45384
5547,8786
5548,99564
5549,5371
5550,E8123
5551,78902
5552,43400
5553,37871
5554,V118
5555,V624
5556,78600
5557,73001
5558,9108
5559,78054
5560,7782
5561,2755
5562,52460
5563,E8002
5564,36043
5565,56030
5566,71888
5567,2528
5568,8798
5569,6218
5570,9881
5571,E8655
5572,81513
5573,07052
5574,30759
5575,31234
5576,20040
5577,20042
5578,9712
5579,47870
5580,95891
5581,30742
5582,7597
5583,2300
5584,53640
5585,7359
5586,7013
5587,83302
5588,81393
5589,85109
5590,94426
5591,E9881
5592,0239
5593,83109
5594,8280
5595,80081
5596,V020
5597,74683
5598,86411
5599,V5049
5600,V8409
5601,76401
5602,99647
5603,0218
5604,0030
5605,V660
5606,81230
5607,81391
5608,33828
5609,52340
5610,9243
5611,53311
5612,2104
5613,6072
5614,1453
5615,E9570
5616,20302
5617,05312
5618,2309
5619,E8589
5620,9067
5621,E8062
5622,40400
5623,79399
5624,85135
5625,94425
5626,94423
5627,33522
5628,V1050
5629,3222
5630,74711
5631,42981
5632,V8523
5633,99933
5634,20070
5635,71697
5636,6028
5637,2308
5638,64261
5639,64841
5640,45910
5641,94203
5642,E9240
5643,37311
5644,E8852
5645,73019
5646,73396
5647,71845
5648,V8539
5649,20158
5650,75564
5651,31381
5652,36107
5653,71828
5654,E954
5655,2331
5656,V860
5657,8703
5658,9890
5659,7283
5660,65821
5661,66021
5662,65411
5663,67202
5664,V5881
5665,53101
5666,83305
5667,33523
5668,6270
5669,7760
5670,36520
5671,11590
5672,6923
5673,47822
5674,75510
5675,80235
5676,3492
5677,6861
5678,4778
5679,78601
5680,77088
5681,7286
5682,62130
5683,1884
5684,6071
5685,V449
5686,80016
5687,9112
5688,86810
5689,8209
5690,8065
5691,8679
5692,2312
5693,V1851
5694,38915
5695,64241
5696,27400
5697,2119
5698,7751
5699,V602
5700,3798
5701,E8242
5702,29651
5703,30493
5704,E9572
5705,52511
5706,29654
5707,E8252
5708,66934
5709,38039
5710,32742
5711,76070
5712,7383
5713,72230
5714,53251
5715,1869
5716,E8637
5717,E8744
5718,3336
5719,E8716
5720,73609
5721,V109
5722,5981
5723,9082
5724,7273
5725,2552
5726,V7219
5727,52331
5728,36512
5729,43810
5730,83311
5731,6255
5732,36012
5733,75262
5734,2354
5735,78939
5736,1883
5737,64234
5738,52181
5739,33511
5740,2884
5741,V0252
5742,81013
5743,V1059
5744,2392
5745,1598
5746,80024
5747,51900
5748,80623
5749,9330
5750,83903
5751,83904
5752,8799
5753,83103
5754,03841
5755,3888
5756,25801
5757,V1811
5758,4548
5759,3529
5760,65101
5761,64892
5762,V1741
5763,01304
5764,01164
5765,37420
5766,36106
5767,37443
5768,73671
5769,4843
5770,0338
5771,4554
5772,25091
5773,67412
5774,V6549
5775,7687
5776,4179
5777,86110
5778,E8717
5779,7753
5780,V6142
5781,11281
5782,34931
5783,72741
5784,3013
5785,V8544
5786,30015
5787,1574
5788,53341
5789,78343
5790,69012
5791,53087
5792,53111
5793,V1365
5794,20022
5795,V1060
5796,37500
5797,9528
5798,8977
5799,E8042
5800,86353
5801,28866
5802,32362
5803,95899
5804,3308
5805,E9380
5806,V1586
5807,7836
5808,1471
5809,6101
5810,63380
5811,7523
5812,78461
5813,7366
5814,6172
5815,3674
5816,38420
5817,V8533
5818,20023
5819,53521
5820,90140
5821,V1819
5822,7913
5823,V4614
5824,V8532
5825,7675
5826,42511
5827,66622
5828,61171
5829,79380
5830,32361
5831,V1020
5832,3029
5833,3732
5834,4802
5835,51911
5836,8875
5837,81219
5838,9558
5839,24981
5840,20071
5841,74353
5842,01354
5843,V8524
5844,83969
5845,1110
5846,28952
5847,29653
5848,83209
5849,9593
5850,87371
5851,E9659
5852,E9430
5853,9722
5854,5970
5855,59800
5856,1764
5857,1468
5858,V5844
5859,41022
5860,3062
5861,92420
5862,0844
5863,2534
5864,75441
5865,43381
5866,E8384
5867,43885
5868,7325
5869,72612
5870,8973
5871,82139
5872,36203
5873,36207
5874,29681
5875,E8163
5876,6145
5877,01205
5878,35921
5879,6274
5880,3158
5881,8790
5882,83114
5883,E8343
5884,37410
5885,38023
5886,E8555
5887,9180
5888,3343
5889,94209
5890,20011
5891,20412
5892,3430
5893,31531
5894,73020
5895,71687
5896,E9441
5897,E8311
5898,6031
5899,28802
5900,94204
5901,64933
5902,64293
5903,38401
5904,66561
5905,65571
5906,65661
5907,65921
5908,6249
5909,52333
5910,60820
5911,71108
5912,64294
5913,64914
5914,7320
5915,V6110
5916,E0010
5917,38917
5918,20018
5919,44771
5920,71615
5921,20921
5922,8902
5923,96971
5924,9733
5925,E8584
5926,79381
5927,51853
5928,9086
5929,99941
5930,E8381
5931,7969
5932,V4588
5933,73733
5934,73711
5935,E9453
5936,64681
5937,24960
5938,3445
5939,99800
5940,6279
5941,5643
5942,8191
5943,24901
5944,36206
5945,36205
5946,78864
5947,36847
5948,63412
5949,5671
5950,71842
5951,0578
5952,79539
5953,96905
5954,71213
5955,3411
5956,75435
5957,75482
5958,20951
5959,96903
5960,25512
5961,78833
5962,36589
5963,74512
5964,7237
5965,79319
5966,30573
5967,78492
5968,V8531
5969,4292
5970,E9801
5971,E8710
5972,1881
5973,2980
5974,8406
5975,8076
5976,71693
5977,36616
5978,2137
5979,1501
5980,36815
5981,24991
5982,29990
5983,3550
5984,30285
5985,04671
5986,99589
5987,80376
5988,80366
5989,8190
5990,01405
5991,83921
5992,0491
5993,05881
5994,1320
5995,1329
5996,78002
5997,2759
5998,71694
5999,E9109
6000,3551
6001,29512
6002,2978
6003,6192
6004,80372
6005,36283
6006,E899
6007,79095
6008,78960
6009,28411
6010,9832
6011,38619
6012,71235
6013,7335
6014,28244
6015,53191
6016,20278
6017,27403
6018,7816
6019,9252
6020,71855
6021,80150
6022,80234
6023,40210
6024,20780
6025,38922
6026,27941
6027,69512
6028,69550
6029,5518
6030,59689
6031,V861
6032,34442
6033,40511
6034,52330
6035,V6141
6036,1951
6037,E8169
6038,1952
6039,80129
6040,1515
6041,55000
6042,33381
6043,0039
6044,64263
6045,81610
6046,8364
6047,79389
6048,85401
6049,83907
6050,1516
6051,73329
6052,72879
6053,24980
6054,20205
6055,52310
6056,44409
6057,85316
6058,32372
6059,95919
6060,E0026
6061,E9386
6062,7246
6063,66914
6064,67014
6065,E9854
6066,E030
6067,7571
6068,99971
6069,3091
6070,83300
6071,81313
6072,30440
6073,2358
6074,V4985
6075,4376
6076,27502
6077,71666
6078,9122
6079,78724
6080,51289
6081,86384
6082,8461
6083,V5410
6084,1461
6085,56971
6086,4749
6087,9074
6088,41513
6089,66614
6090,84509
6091,38021
6092,99833
6093,79510
6094,3759
6095,36800
6096,96972
6097,E8740
6098,5735
6099,23874
6100,45350
6101,64904
6102,71996
6103,34701
6104,85204
6105,E9505
6106,34710
6107,36859
6108,E0009
6109,E9335
6110,5244
6111,6169
6112,2702
6113,0329
6114,8940
6115,29042
6116,37853
6117,9592
6118,78033
6119,00843
6120,27501
6121,33900
6122,94320
6123,E8735
6124,51633
6125,53013
6126,E0000
6127,E9991
6128,53130
6129,13109
6130,0038
6131,65414
6132,66554
6133,99809
6134,90225
6135,V8389
6136,80171
6137,99982
6138,9165
6139,E9064
6140,05412
6141,20929
6142,20972
6143,20974
6144,20979
6145,82532
6146,82524
6147,E8554
6148,E9274
6149,71533
6150,9116
6151,94504
6152,E9205
6153,69513
6154,33822
6155,V1505
6156,6982
6157,9473
6158,9472
6159,29522
6160,99585
6161,E976
6162,99802
6163,E0020
6164,3612
6165,28863
6166,29382
6167,80050
6168,71500
6169,29189
6170,99732
6171,34939
6172,20961
6173,2533
6174,35571
6175,34881
6176,1761
6177,9735
6178,6260
6179,9517
6180,79671
6181,79551
6182,85162
6183,29625
6184,E0032
6185,71912
6186,8438
6187,27731
6188,V016
6189,20050
6190,3300
6191,69514
6192,36252
6193,99984
6194,E8058
6195,2881
6196,36251
6197,V9081
6198,04590
6199,34882
6200,V6109
6201,87323
6202,V078
6203,81254
6204,2813
6205,05413
6206,V510
6207,71848
6208,88029
6209,52540
6210,80036
6211,6965
6212,E0291
6213,3814
6214,85216
6215,90210
6216,1717
6217,8488
6218,9239
6219,9229
6220,61689
6221,47871
6222,E0069
6223,75029
6224,79923
6225,V4031
6226,9725
6227,E8619
6228,1228
6229,01402
6230,51634
6231,5752
6232,5995
6233,85183
6234,E0060
6235,80013
6236,80113
6237,5511
6238,6809
6239,V1090
6240,20943
6241,86510
6242,86394
6243,53160
6244,20078
6245,V536
6246,75530
6247,81353
6248,2823
6249,66411
6250,64852
6251,72709
6252,E0138
6253,27402
6254,E0190
6255,3885
6256,2120
6257,38921
6258,6021
6259,4910
6260,42654
6261,23331
6262,8400
6263,1498
6264,29381
6265,E0008
6266,8407
6267,7142
6268,6209
6269,35922
6270,17322
6271,9251
6272,E9138
6273,E8795
6274,73024
6275,01330
6276,37999
6277,33384
6278,V1501
6279,08249
6280,3342
6281,80146
6282,9556
6283,83411
6284,7848
6285,79929
6286,80144
6287,5235
6288,V8521
6289,30089
6290,2598
6291,3595
6292,8171
6293,E0039
6294,30752
6295,9747
6296,71650
6297,677
6298,71593
6299,28732
6300,E9270
6301,20402
6302,7522
6303,75219
6304,E9132
6305,64811
6306,55001
6307,45374
6308,45371
6309,83309
6310,V1071
6311,4481
6312,E0089
6313,V568
6314,V143
6315,28851
6316,6212
6317,56987
6318,E8748
6319,20033
6320,9773
6321,07049
6322,78072
6323,V091
6324,6254
6325,2650
6326,31230
6327,64274
6328,36232
6329,73605
6330,V872
6331,28264
6332,36233
6333,9125
6334,78865
6335,2468
6336,30531
6337,37955
6338,1958
6339,28246
6340,78443
6341,6119
6342,37240
6343,55121
6344,29502
6345,06641
6346,06642
6347,3212
6348,1945
6349,0071
6350,37530
6351,03289
6352,5369
6353,2669
6354,E8170
6355,81314
6356,E9601
6357,66574
6358,V601
6359,1898
6360,94850
6361,94325
6362,94519
6363,9173
6364,7508
6365,85121
6366,61800
6367,E9100
6368,E8314
6369,9531
6370,83503
6371,59373
6372,1500
6373,1160
6374,V4961
6375,5164
6376,53141
6377,E8189
6378,37855
6379,20060
6380,E8249
6381,36573
6382,3060
6383,69515
6384,2693
6385,6390
6386,95207
6387,71958
6388,9535
6389,37882
6390,E9334
6391,73630
6392,V5482
6393,V8821
6394,3393
6395,67401
6396,4144
6397,07983
6398,7887
6399,V5422
6400,39899
6401,74401
6402,79552
6403,41040
6404,2592
6405,20936
6406,20975
6407,17372
6408,90181
6409,80034
6410,8745
6411,V065
6412,80065
6413,7459
6414,80610
6415,20512
6416,92321
6417,30443
6418,V1506
6419,5279
6420,34693
6421,62981
6422,5265
6423,V0389
6424,36910
6425,34212
6426,V1022
6427,E8258
6428,538
6429,33379
6430,E9203
6431,1430
6432,E8742
6433,E9455
6434,86351
6435,90242
6436,94323
6437,01123
6438,81411
6439,75289
6440,99561
6441,V8745
6442,38871
6443,51283
6444,3571
6445,85245
6446,37432
6447,5278
6448,00804
6449,99680
6450,V0253
6451,3969
6452,E0080
6453,71580
6454,6868
6455,94335
6456,33920
6457,72632
6458,72763
6459,61179
6460,29614
6461,1469
6462,5186
6463,V655
6464,90451
6465,64943
6466,64653
6467,64913
6468,5262
6469,72270
6470,3452
6471,40411
6472,73681
6473,20252
6474,36844
6475,316
6476,86383
6477,E0071
6478,80161
6479,80362
6480,E0161
6481,38860
6482,56960
6483,29524
6484,4772
6485,05829
6486,05314
6487,74682
6488,37751
6489,37820
6490,82520
6491,E9211
6492,72990
6493,9170
6494,E8138
6495,V902
6496,5993
6497,20600
6498,9393
6499,V2541
6500,V1352
6501,79955
6502,36511
6503,73729
6504,1273
6505,20037
6506,1361
6507,36241
6508,36100
6509,3081
6510,41010
6511,20312
6512,6950
6513,20925
6514,20971
6515,0993
6516,76076
6517,24990
6518,78937
6519,11505
6520,3824
6521,79953
6522,V489
6523,78947
6524,78491
6525,92309
6526,29564
6527,2882
6528,45379
6529,V8709
6530,64233
6531,33701
6532,45181
6533,E8041
6534,71918
6535,2692
6536,9600
6537,V1381
6538,0540
6539,71237
6540,78704
6541,78932
6542,E0062
6543,80123
6544,8053
6545,8055
6546,E977
6547,80170
6548,E0061
6549,9595
6550,36002
6551,5834
6552,6289
6553,37182
6554,20973
6555,E9001
6556,E0064
6557,E9419
6558,53401
6559,5931
6560,3344
6561,1745
6562,20148
6563,71481
6564,5810
6565,V6285
6566,71950
6567,29604
6568,1488
6569,1489
6570,V2501
6571,E8248
6572,3629
6573,94108
6574,3593
6575,65953
6576,V1652
6577,81012
6578,5296
6579,5291
6580,24221
6581,0318
6582,36470
6583,0031
6584,61189
6585,84512
6586,36275
6587,20203
6588,E0073
6589,E9466
6590,E9324
6591,30113
6592,94401
6593,30747
6594,1455
6595,E9821
6596,82331
6597,82030
6598,E8240
6599,0059
6600,7094
6601,V486
6602,05311
6603,36204
6604,32737
6605,99670
6606,79021
6607,5824
6608,33912
6609,53989
6610,53410
6611,36646
6612,2571
6613,66001
6614,65251
6615,66822
6616,3152
6617,3301
6618,V5301
6619,71198
6620,3108
6621,V6103
6622,83801
6623,38905
6624,23772
6625,E8767
6626,E0030
6627,72191
6628,36253
6629,44773
6630,38000
6631,34441
6632,2379
6633,37312
6634,2150
6635,V0739
6636,05440
6637,71865
6638,68101
6639,V1364
6640,2458
6641,78053
6642,94100
6643,20903
6644,64883
6645,64243
6646,E9460
6647,69581
6648,56979
6649,80718
6650,44772
6651,1738
6652,937
6653,20957
6654,1906
6655,33709
6656,9060
6657,38906
6658,V812
6659,0309
6660,78862
6661,99565
6662,20969
6663,V1553
6664,83400
6665,64793
6666,64673
6667,29575
6668,0849
6669,27509
6670,9095
6671,64931
6672,V271
6673,V1542
6674,99700
6675,55100
6676,E9329
6677,7323
6678,5890
6679,9164
6680,42491
6681,V672
6682,V671
6683,23873
6684,73620
6685,79959
6686,20206
6687,V6542
6688,6850
6689,75615
6690,4957
6691,9056
6692,80002
6693,E0076
6694,7947
6695,96569
6696,72664
6697,E9340
6698,85150
6699,6261
6700,E8694
6701,75314
6702,94232
6703,71191
6704,53211
6705,96901
6706,17342
6707,17332
6708,17331
6709,E9262
6710,99569
6711,71897
6712,64103
6713,37214
6714,32724
6715,38918
6716,E9250
6717,E9051
6718,9065
6719,23773
6720,23989
6721,01505
6722,72882
6723,72762
6724,9610
6725,E857
6726,E0031
6727,71891
6728,9132
6729,9102
6730,73345
6731,V537
6732,6232
6733,8704
6734,87333
6735,5161
6736,E8669
6737,80046
6738,0919
6739,52342
6740,71296
6741,66131
6742,66531
6743,66541
6744,2102
6745,55841
6746,37922
6747,36544
6748,72706
6749,62570
6750,1731
6751,5646
6752,6251
6753,7138
6754,4512
6755,9540
6756,00841
6757,36372
6758,V0990
6759,E8278
6760,V4363
6761,38003
6762,2218
6763,20024
6764,30472
6765,71821
6766,37189
6767,37210
6768,29544
6769,32719
6770,20480
6771,94524
6772,5260
6773,34670
6774,9083
6775,V8811
6776,85194
6777,3221
6778,80230
6779,52563
6780,20917
6781,9196
6782,74720
6783,01186
6784,64671
6785,64252
6786,65701
6787,V9103
6788,82534
6789,1703
6790,V789
6791,E9295
6792,72409
6793,37289
6794,E8145
6795,71239
6796,36552
6797,V037
6798,78499
6799,81404
6800,9594
6801,07998
6802,9617
6803,9619
6804,64101
6805,67012
6806,1765
6807,11519
6808,9114
6809,27709
6810,27702
6811,53171
6812,37886
6813,E0011
6814,E0299
6815,85223
6816,20048
6817,E9583
6818,96979
6819,1893
6820,71592
6821,29631
6822,30592
6823,3739
6824,E0139
6825,80859
6826,E8052
6827,37274
6828,83313
6829,83303
6830,E0162
6831,E975
6832,32720
6833,72679
6834,99651
6835,7324
6836,5293
6837,71504
6838,71884
6839,37733
6840,95219
6841,V6406
6842,53261
6843,71904
6844,2253
6845,2725
6846,9104
6847,28243
6848,0279
6849,99586
6850,85232
6851,V1585
6852,86800
6853,94126
6854,94321
6855,9189
6856,28859
6857,V045
6858,5082
6859,E8908
6860,1943
6861,9949
6862,V5302
6863,3523
6864,24950
6865,3524
6866,V6104
6867,69510
6868,80711
6869,E9679
6870,2842
6871,72665
6872,71195
6873,71985
6874,78961
6875,70401
6876,37520
6877,80080
6878,E8839
6879,4878
6880,V8489
6881,9309
6882,393
6883,71930
6884,V4966
6885,60785
6886,64934
6887,64884
6888,71835
6889,75311
6890,80011
6891,8691
6892,9683
6893,20382
6894,69279
6895,20722
6896,92701
6897,28241
6898,53430
6899,3729
6900,44382
6901,49382
6902,V426
6903,5286
6904,37952
6905,36801
6906,33721
6907,37850
6908,64214
6909,V4451
6910,20963
6911,179
6912,01485
6913,4572
6914,1106
6915,73393
6916,62402
6917,7069
6918,3879
6919,52489
6920,9635
6921,1832
6922,34691
6923,2326
6924,43814
6925,71840
6926,83301
6927,99741
6928,05821
6929,60781
6930,80060
6931,V9039
6932,09152
6933,85304
6934,92821
6935,87264
6936,E9671
6937,71944
6938,72999
6939,99582
6940,72883
6941,80119
6942,63421
6943,82539
6944,E856
6945,20047
6946,2140
6947,V6107
6948,71120
6949,2153
6950,1838
6951,E8178
6952,V9010
6953,38014
6954,01890
6955,85103
6956,36315
6957,61882
6958,72991
6959,83813
6960,8783
6961,99687
6962,17341
6963,3154
6964,31539
6965,34431
6966,33902
6967,2820
6968,40211
6969,52579
6970,69551
6971,5565
6972,29621
6973,37024
6974,59001
6975,3862
6976,5644
6977,9152
6978,2982
6979,9994
6980,E9399
6981,E0070
6982,6940
6983,20930
